{"dataset":{"0":{"kept":true,"isDisposedInternal":false,"shape":[3,256],"dtype":"float32","size":768,"strides":[256],"dataId":{},"id":2383,"rankType":"2","scopeId":1286,"label":"POTATO HEALTHY"}},"tensors":[{"0":0.03704410791397095,"1":0.04137319326400757,"2":0.00462558725848794,"3":0.062184855341911316,"4":0.027460666373372078,"5":0.02822260558605194,"6":0.1182451993227005,"7":0.05304313078522682,"8":0.0065199327655136585,"9":0.02641567774116993,"10":0.04331815242767334,"11":0.002392447553575039,"12":0.016220152378082275,"13":0.007706104312092066,"14":0.08330756425857544,"15":0.03021702729165554,"16":0,"17":0.023331141099333763,"18":0.06070912256836891,"19":0.034877751022577286,"20":0.011544659733772278,"21":0.01368479710072279,"22":0.0340421125292778,"23":0.0105094900354743,"24":0.0107924435287714,"25":0.01263846829533577,"26":0.01087882649153471,"27":0.12038128077983856,"28":0.008764548227190971,"29":0.001176408026367426,"30":0.05583398789167404,"31":0.007029728963971138,"32":0.03150756657123566,"33":0.06741397827863693,"34":0.06532862037420273,"35":0.011851053684949875,"36":0.005980374291539192,"37":0.0005608301726169884,"38":0.09305879473686218,"39":0.013614158146083355,"40":0.11878003180027008,"41":0.08950518071651459,"42":0.15384729206562042,"43":0.013116634450852871,"44":0.0058072470128536224,"45":0.07632206380367279,"46":0.10440469533205032,"47":0.022663261741399765,"48":0.05186185613274574,"49":0.016738221049308777,"50":0.07020009309053421,"51":0.011836192570626736,"52":0.03876783326268196,"53":0.07040929049253464,"54":0.018938928842544556,"55":0.021610599011182785,"56":0.05640034377574921,"57":0.014064907096326351,"58":0.10709556192159653,"59":0,"60":0.008236497640609741,"61":0.002280047396197915,"62":0.01027428824454546,"63":0.006186941638588905,"64":0.007802231702953577,"65":0.06589895486831665,"66":0.044972874224185944,"67":0.03452281653881073,"68":0.09714443236589432,"69":0.005633146036416292,"70":0.019552042707800865,"71":0.08885451406240463,"72":0.03032049536705017,"73":0.14659973978996277,"74":0.02918936498463154,"75":0.07355555891990662,"76":0.05998687073588371,"77":0.028152404353022575,"78":0.03600583225488663,"79":0.08656251430511475,"80":0.018409276381134987,"81":0.0952879935503006,"82":0.042732298374176025,"83":0.01790498197078705,"84":0.15808218717575073,"85":0.07741868495941162,"86":0.025903714820742607,"87":0.09585658460855484,"88":0.019778072834014893,"89":0.01911524496972561,"90":0.05907123163342476,"91":0.06298337876796722,"92":0.09515266865491867,"93":0.03431332856416702,"94":0.04423939064145088,"95":0.030262552201747894,"96":0.049922697246074677,"97":0.08396948873996735,"98":0,"99":0.00434572109952569,"100":0.08871538937091827,"101":0.008549449034035206,"102":0.00974504929035902,"103":0.0002041322732111439,"104":0.0784689262509346,"105":0.06515577435493469,"106":0.021979989483952522,"107":0.016773859038949013,"108":0.10432229191064835,"109":0.02553587034344673,"110":0.00021979901066515595,"111":0.15442316234111786,"112":0.07169138640165329,"113":0.02770722471177578,"114":0.027507944032549858,"115":0.03077365830540657,"116":0,"117":0.008670835755765438,"118":0.08088737726211548,"119":0.06787239760160446,"120":0.028329696506261826,"121":0.002823213580995798,"122":0.037120938301086426,"123":0.04782477393746376,"124":0.13042142987251282,"125":0.13886941969394684,"126":0.1023227795958519,"127":0.10297209769487381,"128":0.0801135003566742,"129":0.06644264608621597,"130":0.06581438332796097,"131":0.09429382532835007,"132":0.045961182564496994,"133":0.025227265432476997,"134":0.018167918547987938,"135":0.030697742477059364,"136":0.0036388561129570007,"137":0.021147333085536957,"138":0.10471012443304062,"139":0.005125532392412424,"140":0.12893323600292206,"141":0.0337773822247982,"142":0.006745081394910812,"143":0.1922561079263687,"144":0.02366628311574459,"145":0.002263922244310379,"146":0.06995467096567154,"147":0.023994319140911102,"148":0.1358412355184555,"149":0.01680520363152027,"150":0.002163016702979803,"151":0.09637065976858139,"152":0.03230571374297142,"153":0.002424009144306183,"154":0.12122079730033875,"155":0.07226531952619553,"156":0.15433037281036377,"157":0,"158":0.05661200359463692,"159":0.1250239759683609,"160":0.026550203561782837,"161":0.014150524511933327,"162":0.006307900883257389,"163":0,"164":0.03886111453175545,"165":0.05019593983888626,"166":0.08717188239097595,"167":0.02923484891653061,"168":0.007914629764854908,"169":0,"170":0.041944824159145355,"171":0.023505741730332375,"172":0.020021868869662285,"173":0.02045503444969654,"174":0.017417967319488525,"175":0.05703868716955185,"176":0.03191814944148064,"177":0.00040608790004625916,"178":0.022864701226353645,"179":0.07035569101572037,"180":0.07039666920900345,"181":0.008196249604225159,"182":0.039104562252759933,"183":0.005069679114967585,"184":0.0561482310295105,"185":0.002470896113663912,"186":0.02763020619750023,"187":0.0676543340086937,"188":0.025831297039985657,"189":0.00449256831780076,"190":0.03732502460479736,"191":0.16644874215126038,"192":0.07604188472032547,"193":0.1097816675901413,"194":0.07257048040628433,"195":0.12641015648841858,"196":0.044128306210041046,"197":0.08340252190828323,"198":0.005535511765629053,"199":0.04484231024980545,"200":0.10127671808004379,"201":0.027911704033613205,"202":0.08244210481643677,"203":0.04507405310869217,"204":0,"205":0.021446023136377335,"206":0.10675907135009766,"207":0.03746534511446953,"208":0.008210711181163788,"209":0.10816490650177002,"210":0.019855771213769913,"211":0,"212":0.04096146300435066,"213":0.042223431169986725,"214":0.00117358542047441,"215":0.0066076647490262985,"216":0.07648582011461258,"217":0.16410046815872192,"218":0.0474364310503006,"219":0.1565691977739334,"220":0.034152232110500336,"221":0.0021655219607055187,"222":0.014693958684802055,"223":0.0872148796916008,"224":0.08037607371807098,"225":0.04300909861922264,"226":0.0513358898460865,"227":0.07431614398956299,"228":0.11246106773614883,"229":0.010136383585631847,"230":0.07259352505207062,"231":0.017046378925442696,"232":0.02473006583750248,"233":0.11153724789619446,"234":0.014560299925506115,"235":0.028880763798952103,"236":0.0358591303229332,"237":0.008321160450577736,"238":0.030206110328435898,"239":0.07118211686611176,"240":0.07091430574655533,"241":0.11434207111597061,"242":0.11390332877635956,"243":0.057891130447387695,"244":0.057243380695581436,"245":0.01885002851486206,"246":0.05602163076400757,"247":0.011213245801627636,"248":0.00800730288028717,"249":0.008227851241827011,"250":0.019483299925923347,"251":0.007105233613401651,"252":0.08122020214796066,"253":0.009862910024821758,"254":0.06926891207695007,"255":0.005797842051833868,"256":0.030604900792241096,"257":0.053400032222270966,"258":0.004871855955570936,"259":0.06274822354316711,"260":0.03196334466338158,"261":0.03478844091296196,"262":0.10239267349243164,"263":0.03535743057727814,"264":0.003391625126823783,"265":0.02467765286564827,"266":0.05646827444434166,"267":0.000798758352175355,"268":0.017552940174937248,"269":0.008505821228027344,"270":0.07403194159269333,"271":0.02516179345548153,"272":0,"273":0.021522678434848785,"274":0.05978221446275711,"275":0.03831124305725098,"276":0.0050385212525725365,"277":0.02171741984784603,"278":0.04556756839156151,"279":0.013590685091912746,"280":0.022639472037553787,"281":0.022773029282689095,"282":0.011980385519564152,"283":0.11988463997840881,"284":0.01049250178039074,"285":0,"286":0.06854389607906342,"287":0.018417758867144585,"288":0.02654194086790085,"289":0.06638441234827042,"290":0.06316947191953659,"291":0.009133365005254745,"292":0.0014780103228986263,"293":0.0020607400219887495,"294":0.09407780319452286,"295":0.012791121378540993,"296":0.11805057525634766,"297":0.08929340541362762,"298":0.16869744658470154,"299":0.02990102581679821,"300":0.0021433825604617596,"301":0.06928834319114685,"302":0.09905489534139633,"303":0.03153560310602188,"304":0.053725793957710266,"305":0.01724434271454811,"306":0.07682880759239197,